num,kanji,kanji2,kana,kaiha,url
1,‘«—§•q”V,,‚ ‚¾‚¿_‚Æ‚µ‚ä‚«,©–¯,https://www.sangiin.go.jp/japanese/joho1/kousei/giin/profile/7016001.htm
2,ˆ¢’B‰ëu,,‚ ‚¾‚¿_‚Ü‚³‚µ,©–¯,https://www.sangiin.go.jp/japanese/joho1/kousei/giin/profile/7014002.htm
3,Â–Øˆ¤,,‚ ‚¨‚«_‚ ‚¢,—§Œ›,https://www.sangiin.go.jp/japanese/joho1/kousei/giin/profile/7007006.htm
4,Â–Øˆê•F,,‚ ‚¨‚«_‚©‚¸‚Ğ‚±,©–¯,https://www.sangiin.go.jp/japanese/joho1/kousei/giin/profile/7010001.htm
5,Â“‡Œ’‘¾,,‚ ‚¨‚µ‚Ü_‚¯‚ñ‚½,ˆÛ‹³,https://www.sangiin.go.jp/japanese/joho1/kousei/giin/profile/7022002.htm
6,ÂR”É°,,‚ ‚¨‚â‚Ü_‚µ‚°‚Í‚é,©–¯,https://www.sangiin.go.jp/japanese/joho1/kousei/giin/profile/7016002.htm
7,Ô’r½Í,,‚ ‚©‚¢‚¯_‚Ü‚³‚ ‚«,©–¯,https://www.sangiin.go.jp/japanese/joho1/kousei/giin/profile/7013004.htm
8,Ô¼Œ’,,‚ ‚©‚Ü‚Â_‚¯‚ñ,©–¯,https://www.sangiin.go.jp/japanese/joho1/kousei/giin/profile/7022003.htm
9,H–ìŒö‘¢,,‚ ‚«‚Ì_‚±‚¤‚¼‚¤,Œö–¾,https://www.sangiin.go.jp/japanese/joho1/kousei/giin/profile/7010003.htm
10,ó”öŒcˆê˜Y,,‚ ‚³‚¨_‚¯‚¢‚¢‚¿‚ë‚¤,©–¯,https://www.sangiin.go.jp/japanese/joho1/kousei/giin/profile/5998003.htm
11,ó“c‹Ï,,‚ ‚³‚¾_‚Ğ‚Æ‚µ,ˆÛ‹³,https://www.sangiin.go.jp/japanese/joho1/kousei/giin/profile/7016003.htm
12,’©“úŒ’‘¾˜Y,,‚ ‚³‚Ğ_‚¯‚ñ‚½‚ë‚¤,©–¯,https://www.sangiin.go.jp/japanese/joho1/kousei/giin/profile/7016004.htm
13,“Œ“O,,‚ ‚¸‚Ü_‚Æ‚¨‚é,ˆÛ‹³,https://www.sangiin.go.jp/japanese/joho1/kousei/giin/profile/7013005.htm
14,—L‘º¡q,,‚ ‚è‚Ş‚ç_‚Í‚é‚±,©–¯,https://www.sangiin.go.jp/japanese/joho1/kousei/giin/profile/7001006.htm
15,ˆäã“Nm,,‚¢‚Ì‚¤‚¦_‚³‚Æ‚µ,‹¤Y,https://www.sangiin.go.jp/japanese/joho1/kousei/giin/profile/7001007.htm
16,ˆäã‹`s,,‚¢‚Ì‚¤‚¦_‚æ‚µ‚ä‚«,©–¯,https://www.sangiin.go.jp/japanese/joho1/kousei/giin/profile/7013006.htm
17,ˆÉ“¡Šx,,‚¢‚Æ‚¤_‚ª‚­,‹¤Y,https://www.sangiin.go.jp/japanese/joho1/kousei/giin/profile/7019002.htm
18,ˆÉ“¡F],,‚¢‚Æ‚¤_‚½‚©‚¦,Œö–¾,https://www.sangiin.go.jp/japanese/joho1/kousei/giin/profile/7016005.htm
19,ˆÉ“¡FŒb,,‚¢‚Æ‚¤_‚½‚©‚¦,–¯å,https://www.sangiin.go.jp/japanese/joho1/kousei/giin/profile/7016006.htm
20,ˆÉ”g—mˆê,,‚¢‚Í_‚æ‚¤‚¢‚¿,‰«“ê,https://www.sangiin.go.jp/japanese/joho1/kousei/giin/profile/7016007.htm
21,¶ˆîWq,[²R@@Wq],‚¢‚­‚¢‚È_‚ ‚«‚±,©–¯,https://www.sangiin.go.jp/japanese/joho1/kousei/giin/profile/7022004.htm
22,ÎˆäÍ,,‚¢‚µ‚¢_‚ ‚«‚ç,ˆÛ‹³,https://www.sangiin.go.jp/japanese/joho1/kousei/giin/profile/7016008.htm
23,Îˆä€ˆê,,‚¢‚µ‚¢_‚¶‚ã‚ñ‚¢‚¿,©–¯,https://www.sangiin.go.jp/japanese/joho1/kousei/giin/profile/7007007.htm
24,Îˆä_˜Y,,‚¢‚µ‚¢_‚Ğ‚ë‚¨,©–¯,https://www.sangiin.go.jp/japanese/joho1/kousei/giin/profile/7010005.htm
25,Îˆä³O,,‚¢‚µ‚¢_‚Ü‚³‚Ğ‚ë,©–¯,https://www.sangiin.go.jp/japanese/joho1/kousei/giin/profile/7013008.htm
26,Îˆä•cq,,‚¢‚µ‚¢_‚İ‚Â‚±,ˆÛ‹³,https://www.sangiin.go.jp/japanese/joho1/kousei/giin/profile/7016009.htm
27,ÎŠ_‚Ì‚è‚±,[¬ì@‚Ì‚èq],‚¢‚µ‚ª‚«_‚Ì‚è‚±,—§Œ›,https://www.sangiin.go.jp/japanese/joho1/kousei/giin/profile/7019003.htm
28,Îì‘å‰ä,,‚¢‚µ‚©‚í_‚½‚¢‚ª,—§Œ›,https://www.sangiin.go.jp/japanese/joho1/kousei/giin/profile/7019004.htm
29,Îì”’,,‚¢‚µ‚©‚í_‚Ğ‚ë‚½‚©,Œö–¾,https://www.sangiin.go.jp/japanese/joho1/kousei/giin/profile/7010006.htm
30,Î“c¹G,,‚¢‚µ‚¾_‚Ü‚³‚Ğ‚ë,©–¯,https://www.sangiin.go.jp/japanese/joho1/kousei/giin/profile/7013010.htm
31,Î‹´’ÊG,,‚¢‚µ‚Î‚µ_‚İ‚¿‚Ğ‚ë,—§Œ›,https://www.sangiin.go.jp/japanese/joho1/kousei/giin/profile/7010007.htm
32,ˆéèm•F,,‚¢‚»‚´‚«_‚æ‚µ‚Ğ‚±,©–¯,https://www.sangiin.go.jp/japanese/joho1/kousei/giin/profile/7010008.htm
33,âEè“Nj,,‚¢‚»‚´‚«_‚Ä‚Â‚¶,–¯å,https://www.sangiin.go.jp/japanese/joho1/kousei/giin/profile/7013011.htm
34,’–Œû–Mq,,‚¢‚Ì‚®‚¿_‚­‚É‚±,©–¯,https://www.sangiin.go.jp/japanese/joho1/kousei/giin/profile/7010009.htm
35,’–£’¼÷,,‚¢‚Ì‚¹_‚È‚¨‚«,ˆÛ‹³,https://www.sangiin.go.jp/japanese/joho1/kousei/giin/profile/7022005.htm
36,¡ˆäŠG—q,,‚¢‚Ü‚¢_‚¦‚è‚±,©–¯,https://www.sangiin.go.jp/japanese/joho1/kousei/giin/profile/7016010.htm
37,ŠâŸº—F,,‚¢‚í‚Ô‚¿_‚Æ‚à,‹¤Y,https://www.sangiin.go.jp/japanese/joho1/kousei/giin/profile/7016011.htm
38,Šâ–{„l,,‚¢‚í‚à‚Æ_‚Â‚æ‚Ğ‚Æ,©–¯,https://www.sangiin.go.jp/japanese/joho1/kousei/giin/profile/7019005.htm
39,ã“c—E,,‚¤‚¦‚¾_‚¢‚³‚Ş,Œö–¾,https://www.sangiin.go.jp/japanese/joho1/kousei/giin/profile/7022006.htm
40,ã“c´i,,‚¤‚¦‚¾_‚«‚æ‚µ,–³Š‘®,https://www.sangiin.go.jp/japanese/joho1/kousei/giin/profile/7019042.htm
41,ã–ì’Êq,,‚¤‚¦‚Ì_‚İ‚¿‚±,©–¯,https://www.sangiin.go.jp/japanese/joho1/kousei/giin/profile/7010013.htm
42,‰Pˆä³ˆê,,‚¤‚·‚¢_‚µ‚å‚¤‚¢‚¿,©–¯,https://www.sangiin.go.jp/japanese/joho1/kousei/giin/profile/7022007.htm
43,‘Å‰z‚³‚­—Ç,[‘º–Ø@‚³‚­—Ç],‚¤‚¿‚±‚µ_‚³‚­‚ç,—§Œ›,https://www.sangiin.go.jp/japanese/joho1/kousei/giin/profile/7019006.htm
44,”~‘º‘,,‚¤‚ß‚Ş‚ç_‚³‚Æ‚µ,ˆÛ‹³,https://www.sangiin.go.jp/japanese/joho1/kousei/giin/profile/7007013.htm
45,”~‘º‚İ‚¸‚Ù,,‚¤‚ß‚Ş‚ç_‚İ‚¸‚Ù,ˆÛ‹³,https://www.sangiin.go.jp/japanese/joho1/kousei/giin/profile/7019007.htm
46,]“‡Œ‰,,‚¦‚¶‚Ü_‚«‚æ‚µ,©–¯,https://www.sangiin.go.jp/japanese/joho1/kousei/giin/profile/7013001.htm
47,‰q“¡îˆê,,‚¦‚Æ‚¤_‚¹‚¢‚¢‚¿,©–¯,https://www.sangiin.go.jp/japanese/joho1/kousei/giin/profile/7007014.htm
48,¬‘ò‰ëm,,‚¨‚´‚í_‚Ü‚³‚Ğ‚Æ,—§Œ›,https://www.sangiin.go.jp/japanese/joho1/kousei/giin/profile/7019008.htm
49,¬ÀI,,‚¨‚Ê‚Ü_‚½‚­‚İ,—§Œ›,https://www.sangiin.go.jp/japanese/joho1/kousei/giin/profile/7019009.htm
50,¬–ì“c‹I”ü,,‚¨‚Ì‚¾_‚«‚İ,©–¯,https://www.sangiin.go.jp/japanese/joho1/kousei/giin/profile/7016013.htm
51,”ö’ÒG‹v,,‚¨‚Â‚¶_‚Ğ‚Å‚Ğ‚³,–³Š‘®,https://www.sangiin.go.jp/japanese/joho1/kousei/giin/profile/5989018.htm
52,‰z’qr”V,,‚¨‚¿_‚Æ‚µ‚ä‚«,©–¯,https://www.sangiin.go.jp/japanese/joho1/kousei/giin/profile/7022008.htm
53,‘å‰Æ•qu,,‚¨‚¨‚¢‚¦_‚³‚Æ‚µ,©–¯,https://www.sangiin.go.jp/japanese/joho1/kousei/giin/profile/7010018.htm
54,‘å“‡‹ãB’j,,‚¨‚¨‚µ‚Ü_‚­‚·‚¨,‚êV,https://www.sangiin.go.jp/japanese/joho1/kousei/giin/profile/7007017.htm
55,‘å’Ëk•½,,‚¨‚¨‚Â‚©_‚±‚¤‚Ö‚¢,–¯å,https://www.sangiin.go.jp/japanese/joho1/kousei/giin/profile/7001013.htm
56,‘å’Ö‚ä‚¤‚±,[‘å’Ö@@—Tq],‚¨‚¨‚Â‚Î‚«_‚ä‚¤‚±,—§Œ›,https://www.sangiin.go.jp/japanese/joho1/kousei/giin/profile/7023003.htm
57,‘å–ì‘×³,,‚¨‚¨‚Ì_‚â‚·‚½‚¾,–³Š‘®,https://www.sangiin.go.jp/japanese/joho1/kousei/giin/profile/7013013.htm
58,‘¾“c–[],[ê“¡@@–[]],‚¨‚¨‚½_‚Ó‚³‚¦,©–¯,https://www.sangiin.go.jp/japanese/joho1/kousei/giin/profile/7013014.htm
59,‰ª“c’¼÷,,‚¨‚©‚¾_‚È‚¨‚«,©–¯,https://www.sangiin.go.jp/japanese/joho1/kousei/giin/profile/7004012.htm
60,‰œ‘º­‰À,,‚¨‚­‚Ş‚ç_‚Ü‚³‚æ‚µ,—§Œ›,https://www.sangiin.go.jp/japanese/joho1/kousei/giin/profile/7024002.htm
61,‰¹Šì‘½x,,‚¨‚Æ‚«‚½_‚µ‚ã‚ñ,ˆÛ‹³,https://www.sangiin.go.jp/japanese/joho1/kousei/giin/profile/7019010.htm
62,‹S–Ø½,,‚¨‚É‚«_‚Ü‚±‚Æ,—§Œ›,https://www.sangiin.go.jp/japanese/joho1/kousei/giin/profile/7022009.htm
63,‰Á“c—T”V,,‚©‚¾_‚Ğ‚ë‚ä‚«,©–¯,https://www.sangiin.go.jp/japanese/joho1/kousei/giin/profile/7019011.htm
64,‰Á“¡–¾—Ç,,‚©‚Æ‚¤_‚ ‚«‚æ‚µ,©–¯,https://www.sangiin.go.jp/japanese/joho1/kousei/giin/profile/7022010.htm
65,‰Ã“c—R‹Iq,,‚©‚¾_‚ä‚«‚±,ˆÛ‹³,https://www.sangiin.go.jp/japanese/joho1/kousei/giin/profile/7019012.htm
66,ŠŒ´‘å‰î,,‚©‚¶‚Í‚ç_‚¾‚¢‚·‚¯,©–¯,https://www.sangiin.go.jp/japanese/joho1/kousei/giin/profile/7022012.htm
67,•ĞR‚³‚Â‚«,,‚©‚½‚â‚Ü_‚³‚Â‚«,©–¯,https://www.sangiin.go.jp/japanese/joho1/kousei/giin/profile/7010020.htm
68,•ĞR‘å‰î,,‚©‚½‚â‚Ü_‚¾‚¢‚·‚¯,ˆÛ‹³,https://www.sangiin.go.jp/japanese/joho1/kousei/giin/profile/7016014.htm
69,Ÿ•”Œ«u,,‚©‚Â‚×_‚¯‚ñ‚¶,—§Œ›,https://www.sangiin.go.jp/japanese/joho1/kousei/giin/profile/7019013.htm
70,‹àq“¹m,,‚©‚Ë‚±_‚İ‚¿‚Ğ‚Æ,ˆÛ‹³,https://www.sangiin.go.jp/japanese/joho1/kousei/giin/profile/7022013.htm
71,_’J@•¼,,‚©‚İ‚â_‚»‚¤‚Ö‚¢,–³Š‘®,https://www.sangiin.go.jp/japanese/joho1/kousei/giin/profile/7022014.htm
72,_’J­K,,‚©‚İ‚â_‚Ü‚³‚ä‚«,©–¯,https://www.sangiin.go.jp/japanese/joho1/kousei/giin/profile/7022015.htm
73,†’qq,[“àR@@’qq],‚©‚İ_‚Æ‚à‚±,‹¤Y,https://www.sangiin.go.jp/japanese/joho1/kousei/giin/profile/7001010.htm
74,ì‡F“T,,‚©‚í‚¢_‚½‚©‚Ì‚è,–¯å,https://www.sangiin.go.jp/japanese/joho1/kousei/giin/profile/7007022.htm
75,ì“c—´•½,,‚©‚í‚¾_‚è‚ã‚¤‚Ö‚¢,—§Œ›,https://www.sangiin.go.jp/japanese/joho1/kousei/giin/profile/7007025.htm
76,‰Í–ì‹`”,,‚©‚í‚Ì_‚æ‚µ‚Ğ‚ë,Œö–¾,https://www.sangiin.go.jp/japanese/joho1/kousei/giin/profile/7013015.htm
77,–Ø‘º‰pq,,‚«‚Ş‚ç_‚¦‚¢‚±,‚êV,https://www.sangiin.go.jp/japanese/joho1/kousei/giin/profile/7019015.htm
78,‹g—Ç‚æ‚µq,[‹g—Ç@@‰Àq],‚«‚ç_‚æ‚µ‚±,‹¤Y,https://www.sangiin.go.jp/japanese/joho1/kousei/giin/profile/7013017.htm
79,Šİ^‹Iq,,‚«‚µ_‚Ü‚«‚±,—§Œ›,https://www.sangiin.go.jp/japanese/joho1/kousei/giin/profile/7019016.htm
80,–k‘ºŒo•v,,‚«‚½‚Ş‚ç_‚Â‚Ë‚¨,©–¯,https://www.sangiin.go.jp/japanese/joho1/kousei/giin/profile/7013019.htm
81,‹ø“c½ˆê,,‚­‚µ‚¾_‚¹‚¢‚¢‚¿,ˆÛ‹³,https://www.sangiin.go.jp/japanese/joho1/kousei/giin/profile/7022016.htm
82,ŒE“c“N–ç,,‚­‚Ú‚½_‚Ä‚Â‚â,Œö–¾,https://www.sangiin.go.jp/japanese/joho1/kousei/giin/profile/7022017.htm
83,ŒF’J—Tl,,‚­‚Ü‚ª‚¢_‚Ğ‚ë‚Æ,—§Œ›,https://www.sangiin.go.jp/japanese/joho1/kousei/giin/profile/7019017.htm
84,‘q—Ñ–¾q,,‚­‚ç‚Î‚â‚µ_‚ ‚«‚±,‹¤Y,https://www.sangiin.go.jp/japanese/joho1/kousei/giin/profile/7013020.htm
85,‚±‚â‚è—²j,[¬–ø@@—²j],‚±‚â‚è_‚½‚©‚µ,©–¯,https://www.sangiin.go.jp/japanese/joho1/kousei/giin/profile/7016017.htm
86,¬’rW,,‚±‚¢‚¯_‚ ‚«‚ç,‹¤Y,https://www.sangiin.go.jp/japanese/joho1/kousei/giin/profile/5998022.htm
87,¬¼—m”V,,‚±‚É‚µ_‚Ğ‚ë‚ä‚«,—§Œ›,https://www.sangiin.go.jp/japanese/joho1/kousei/giin/profile/7010024.htm
88,¬—Ñˆê‘å,,‚±‚Î‚â‚µ_‚©‚¸‚Ğ‚ë,©–¯,https://www.sangiin.go.jp/japanese/joho1/kousei/giin/profile/7022018.htm
89,ŒÃ‰êçŒi,,‚±‚ª_‚¿‚©‚°,—§Œ›,https://www.sangiin.go.jp/japanese/joho1/kousei/giin/profile/7022019.htm
90,ŒÃ‰ê—Fˆê˜Y,,‚±‚ª_‚ä‚¤‚¢‚¿‚ë‚¤,©–¯,https://www.sangiin.go.jp/japanese/joho1/kousei/giin/profile/7013021.htm
91,ŒÃ‰ê”Vm,,‚±‚ª_‚ä‚«‚Ğ‚Æ,—§Œ›,https://www.sangiin.go.jp/japanese/joho1/kousei/giin/profile/7016018.htm
92,ŒÃ¯Œº’m,,‚±‚µ‚å‚¤_‚Í‚é‚Æ‚à,©–¯,https://www.sangiin.go.jp/japanese/joho1/kousei/giin/profile/7022020.htm
93,ãŒ—Ç—S,,‚±‚¤‚Ã‚«_‚è‚å‚¤‚·‚¯,©–¯,https://www.sangiin.go.jp/japanese/joho1/kousei/giin/profile/7013022.htm
94,²X–Ø‚³‚â‚©,[RŒû@‚³‚â‚©],‚³‚³‚«_‚³‚â‚©,Œö–¾,https://www.sangiin.go.jp/japanese/joho1/kousei/giin/profile/7013023.htm
95,²“¡Œ[,,‚³‚Æ‚¤_‚¯‚¢,©–¯,https://www.sangiin.go.jp/japanese/joho1/kousei/giin/profile/7016019.htm
96,²“¡MH,,‚³‚Æ‚¤_‚Ì‚Ô‚ ‚«,©–¯,https://www.sangiin.go.jp/japanese/joho1/kousei/giin/profile/7007028.htm
97,²“¡³‹v,,‚³‚Æ‚¤_‚Ü‚³‚Ğ‚³,©–¯,https://www.sangiin.go.jp/japanese/joho1/kousei/giin/profile/7007029.htm
98,Ö“¡‰Ã—²,,‚³‚¢‚Æ‚¤_‚æ‚µ‚½‚©,—§Œ›,https://www.sangiin.go.jp/japanese/joho1/kousei/giin/profile/7010027.htm
99,ê“¡Œ’ˆê˜Y,,‚³‚¢‚Æ‚¤_‚¯‚ñ‚¢‚¿‚ë‚¤,‚m“},https://www.sangiin.go.jp/japanese/joho1/kousei/giin/profile/7023002.htm
100,ğˆä—fs,,‚³‚©‚¢_‚â‚·‚ä‚«,©–¯,https://www.sangiin.go.jp/japanese/joho1/kousei/giin/profile/7013024.htm
101,ŸNˆä[,,‚³‚­‚ç‚¢_‚İ‚Â‚é,©–¯,https://www.sangiin.go.jp/japanese/joho1/kousei/giin/profile/5998030.htm
102,—¢Œ©—²¡,,‚³‚Æ‚İ_‚è‚ã‚¤‚¶,Œö–¾,https://www.sangiin.go.jp/japanese/joho1/kousei/giin/profile/7016020.htm
103,R“Œºq,,‚³‚ñ‚Æ‚¤_‚ ‚«‚±,©–¯,https://www.sangiin.go.jp/japanese/joho1/kousei/giin/profile/5974040.htm
104,´…‹M”V,,‚µ‚İ‚¸_‚½‚©‚ä‚«,ˆÛ‹³,https://www.sangiin.go.jp/japanese/joho1/kousei/giin/profile/7013025.htm
105,´…^l,,‚µ‚İ‚¸_‚Ü‚³‚Æ,©–¯,https://www.sangiin.go.jp/japanese/joho1/kousei/giin/profile/7019018.htm
106,©Œ©‚Í‚È‚±,[‹´–{@@‰pq],‚¶‚İ_‚Í‚È‚±,©–¯,https://www.sangiin.go.jp/japanese/joho1/kousei/giin/profile/7016021.htm
107,‰–“c”º,,‚µ‚¨‚½_‚Ğ‚ë‚ ‚«,Œö–¾,https://www.sangiin.go.jp/japanese/joho1/kousei/giin/profile/7019019.htm
108,‰–‘º‚ ‚â‚©,[‰–‘º@@•¶‰Ä],‚µ‚¨‚Ş‚ç_‚ ‚â‚©,—§Œ›,https://www.sangiin.go.jp/japanese/joho1/kousei/giin/profile/7019020.htm
109,ÄœÄˆê,,‚µ‚Î_‚µ‚ñ‚¢‚¿,—§Œ›,https://www.sangiin.go.jp/japanese/joho1/kousei/giin/profile/7022021.htm
110,Ä“cI,,‚µ‚Î‚½_‚½‚­‚İ,ˆÛ‹³,https://www.sangiin.go.jp/japanese/joho1/kousei/giin/profile/7010029.htm
111,‰º–ì˜Z‘¾,,‚µ‚à‚Ì_‚ë‚­‚½,Œö–¾,https://www.sangiin.go.jp/japanese/joho1/kousei/giin/profile/7019021.htm
112,”’âˆŸ‹I,[’†R@@ˆŸ‹I],‚µ‚ç‚³‚©_‚ ‚«,©–¯,https://www.sangiin.go.jp/japanese/joho1/kousei/giin/profile/7023004.htm
113,i“¡‹à“úq,,‚µ‚ñ‚Ç‚¤_‚©‚Ë‚Ğ‚±,©–¯,https://www.sangiin.go.jp/japanese/joho1/kousei/giin/profile/7016022.htm
114,Y—t‰ê’Ã–ç,,‚µ‚ñ‚Î_‚©‚Ã‚â,–¯å,https://www.sangiin.go.jp/japanese/joho1/kousei/giin/profile/7001027.htm
115,––¼M‰î,,‚·‚¦‚Ü‚Â_‚µ‚ñ‚·‚¯,©–¯,https://www.sangiin.go.jp/japanese/joho1/kousei/giin/profile/7004033.htm
116,™‹v•,,‚·‚¬_‚Ğ‚³‚½‚¯,Œö–¾,https://www.sangiin.go.jp/japanese/joho1/kousei/giin/profile/7013028.htm
117,™”öGÆ,,‚·‚¬‚¨_‚Ğ‚Å‚â,—§Œ›,https://www.sangiin.go.jp/japanese/joho1/kousei/giin/profile/7016023.htm
118,—é–Ø@’j,,‚·‚¸‚«_‚Ş‚Ë‚¨,–³Š‘®,https://www.sangiin.go.jp/japanese/joho1/kousei/giin/profile/7019023.htm
119,¢kO¬,,‚¹‚±‚¤_‚Ğ‚ë‚µ‚°,–³Š‘®,https://www.sangiin.go.jp/japanese/joho1/kousei/giin/profile/5998069.htm
120,ŠÖŒû¹ˆê,,‚¹‚«‚®‚¿_‚Ü‚³‚©‚¸,©–¯,https://www.sangiin.go.jp/japanese/joho1/kousei/giin/profile/7003005.htm
121,“c“‡–ƒˆßq,,‚½‚¶‚Ü_‚Ü‚¢‚±,—§Œ›,https://www.sangiin.go.jp/japanese/joho1/kousei/giin/profile/7019024.htm
122,“c’†¹j,,‚½‚È‚©_‚Ü‚³‚µ,©–¯,https://www.sangiin.go.jp/japanese/joho1/kousei/giin/profile/7023001.htm
123,“c–¼•”‹§‘ã,,‚½‚È‚Ô_‚Ü‚³‚æ,—§Œ›,https://www.sangiin.go.jp/japanese/joho1/kousei/giin/profile/7016025.htm
124,“c‘º’qq,,‚½‚Ş‚ç_‚Æ‚à‚±,‹¤Y,https://www.sangiin.go.jp/japanese/joho1/kousei/giin/profile/7010031.htm
125,“c‘º‚Ü‚İ,[“c‘º@@–ƒ”ü],‚½‚Ş‚ç_‚Ü‚İ,–¯å,https://www.sangiin.go.jp/japanese/joho1/kousei/giin/profile/7019025.htm
126,‚–Ø‚©‚¨‚è,[‚–Ø@‰À•Û—¢],‚½‚©‚¬_‚©‚¨‚è,ˆÛ‹³,https://www.sangiin.go.jp/japanese/joho1/kousei/giin/profile/7016026.htm
127,‚–Ø^—,,‚½‚©‚¬_‚Ü‚è,—§Œ›,https://www.sangiin.go.jp/japanese/joho1/kousei/giin/profile/7022023.htm
128,‚‹´–@,,‚½‚©‚Í‚µ_‚©‚Â‚Ì‚è,©–¯,https://www.sangiin.go.jp/japanese/joho1/kousei/giin/profile/7013030.htm
129,‚‹´‚Í‚é‚İ,,‚½‚©‚Í‚µ_‚Í‚é‚İ,©–¯,https://www.sangiin.go.jp/japanese/joho1/kousei/giin/profile/7019026.htm
130,‚‹´Œõ’j,,‚½‚©‚Í‚µ_‚İ‚Â‚¨,Œö–¾,https://www.sangiin.go.jp/japanese/joho1/kousei/giin/profile/7019027.htm
131,‚—Ç“S”ü,,‚½‚©‚ç_‚Ä‚Â‚İ,‰«“ê,https://www.sangiin.go.jp/japanese/joho1/kousei/giin/profile/7019028.htm
132,‘ê‘ò‹,,‚½‚«‚³‚í_‚à‚Æ‚ß,©–¯,https://www.sangiin.go.jp/japanese/joho1/kousei/giin/profile/7013031.htm
133,‘ê”gG•¶,,‚½‚«‚È‚İ_‚Ğ‚ë‚Ó‚İ,©–¯,https://www.sangiin.go.jp/japanese/joho1/kousei/giin/profile/7013032.htm
134,’|“à^“ñ,,‚½‚¯‚¤‚¿_‚µ‚ñ‚¶,Œö–¾,https://www.sangiin.go.jp/japanese/joho1/kousei/giin/profile/7017001.htm
135,’|‹lm,,‚½‚¯‚Ã‚ß_‚Ğ‚Æ‚µ,–¯å,https://www.sangiin.go.jp/japanese/joho1/kousei/giin/profile/7022024.htm
136,’|’J‚Æ‚µq,[‹e’n@‚Æ‚µq],‚½‚¯‚â_‚Æ‚µ‚±,Œö–¾,https://www.sangiin.go.jp/japanese/joho1/kousei/giin/profile/7010033.htm
137,•Œ©ŒhO,,‚½‚¯‚İ_‚¯‚¢‚¼‚¤,©–¯,https://www.sangiin.go.jp/japanese/joho1/kousei/giin/profile/5995043.htm
138,’J‡³–¾,,‚½‚É‚ ‚¢_‚Ü‚³‚ ‚«,Œö–¾,https://www.sangiin.go.jp/japanese/joho1/kousei/giin/profile/7004036.htm
139,’ÑA–F•¶,,‚Â‚°_‚æ‚µ‚Ó‚İ,©–¯,https://www.sangiin.go.jp/japanese/joho1/kousei/giin/profile/7013034.htm
140,’ÒŒ³´”ü,,‚Â‚¶‚à‚Æ_‚«‚æ‚İ,—§Œ›,https://www.sangiin.go.jp/japanese/joho1/kousei/giin/profile/7022025.htm
141,’ß•Û—f‰î,,‚Â‚é‚Ù_‚æ‚¤‚·‚¯,©–¯,https://www.sangiin.go.jp/japanese/joho1/kousei/giin/profile/5998036.htm
142,›“cÃ,,‚Ä‚ç‚½_‚µ‚¸‚©,–³Š‘®,https://www.sangiin.go.jp/japanese/joho1/kousei/giin/profile/7019030.htm
143,“V”©‘å•ã,,‚Ä‚ñ‚Î‚½_‚¾‚¢‚·‚¯,‚êV,https://www.sangiin.go.jp/japanese/joho1/kousei/giin/profile/7022026.htm
144,“°ŒÌ–Î,,‚Ç‚¤‚±_‚µ‚°‚é,©–¯,https://www.sangiin.go.jp/japanese/joho1/kousei/giin/profile/7013035.htm
145,“°–ƒ‹Iq,,‚Ç‚¤‚²‚İ_‚Ü‚«‚±,–³Š‘®,https://www.sangiin.go.jp/japanese/joho1/kousei/giin/profile/7022027.htm
146,“¿‰iƒGƒŠ,[—é–Ø@@ƒGƒŠ],‚Æ‚­‚È‚ª_‚¦‚è,—§Œ›,https://www.sangiin.go.jp/japanese/joho1/kousei/giin/profile/7010036.htm
147,—F”[—,[“y”ì@@—],‚Æ‚à‚Ì‚¤_‚è‚¨,©–¯,https://www.sangiin.go.jp/japanese/joho1/kousei/giin/profile/7022028.htm
148,–L“cr˜Y,,‚Æ‚æ‚¾_‚Æ‚µ‚ë‚¤,©–¯,https://www.sangiin.go.jp/japanese/joho1/kousei/giin/profile/7013036.htm
149,‚È‚ª‚¦Fq,[‰i]@@Fq],‚È‚ª‚¦_‚½‚©‚±,–³Š‘®,https://www.sangiin.go.jp/japanese/joho1/kousei/giin/profile/7019031.htm
150,’†ğ‚«‚æ‚µ,[‰º‘º@@@´],‚È‚©‚¶‚å‚¤_‚«‚æ‚µ,ˆÛ‹³,https://www.sangiin.go.jp/japanese/joho1/kousei/giin/profile/7022029.htm
151,’†‘]ªO•¶,,‚È‚©‚»‚Ë_‚Ğ‚ë‚Ó‚İ,©–¯,https://www.sangiin.go.jp/japanese/joho1/kousei/giin/profile/5986024.htm
152,’†“cG,,‚È‚©‚¾_‚Ğ‚ë‚µ,©–¯,https://www.sangiin.go.jp/japanese/joho1/kousei/giin/profile/7022001.htm
153,’†¼—S‰î,,‚È‚©‚É‚µ_‚ä‚¤‚·‚¯,©–¯,https://www.sangiin.go.jp/japanese/joho1/kousei/giin/profile/7010038.htm
154,‰iˆäŠw,,‚È‚ª‚¢_‚Ü‚È‚Ô,©–¯,https://www.sangiin.go.jp/japanese/joho1/kousei/giin/profile/7022030.htm
155,’·•l”s,,‚È‚ª‚Í‚Ü_‚Ğ‚ë‚ä‚«,–³Š‘®,https://www.sangiin.go.jp/japanese/joho1/kousei/giin/profile/7007041.htm
156,’·•õ½,,‚È‚ª‚İ‚Ë_‚Ü‚±‚Æ,©–¯,https://www.sangiin.go.jp/japanese/joho1/kousei/giin/profile/7013039.htm
157,m”ä‘•½,,‚É‚Ğ_‚»‚¤‚Ö‚¢,‹¤Y,https://www.sangiin.go.jp/japanese/joho1/kousei/giin/profile/7004045.htm
158,VÈG‹K,,‚É‚¢‚Ã‚Ü_‚Ğ‚Å‚«,Œö–¾,https://www.sangiin.go.jp/japanese/joho1/kousei/giin/profile/7013041.htm
159,¼“c¹i,,‚É‚µ‚¾_‚µ‚å‚¤‚¶,©–¯,https://www.sangiin.go.jp/japanese/joho1/kousei/giin/profile/7007044.htm
160,¼“cÀm,,‚É‚µ‚¾_‚Ü‚±‚Æ,Œö–¾,https://www.sangiin.go.jp/japanese/joho1/kousei/giin/profile/7004043.htm
161,–ìã_‘¾˜Y,,‚Ì‚ª‚İ_‚±‚¤‚½‚ë‚¤,©–¯,https://www.sangiin.go.jp/japanese/joho1/kousei/giin/profile/7001037.htm
162,–ì“c‘‹`,,‚Ì‚¾_‚­‚É‚æ‚µ,—§Œ›,https://www.sangiin.go.jp/japanese/joho1/kousei/giin/profile/7013042.htm
163,–ì‘º“N˜Y,,‚Ì‚Ş‚ç_‚Ä‚Â‚ë‚¤,©–¯,https://www.sangiin.go.jp/japanese/joho1/kousei/giin/profile/7004046.htm
164,‰H“cŸ˜Y,,‚Í‚½_‚¶‚ë‚¤,—§Œ›,https://www.sangiin.go.jp/japanese/joho1/kousei/giin/profile/7021002.htm
165,‰H¶“cr,,‚Í‚É‚ã‚¤‚¾_‚½‚©‚µ,©–¯,https://www.sangiin.go.jp/japanese/joho1/kousei/giin/profile/7013043.htm
166,–F‰ê“¹–ç,,‚Í‚ª_‚İ‚¿‚â,–¯å,https://www.sangiin.go.jp/japanese/joho1/kousei/giin/profile/7019032.htm
167,’·’JìŠx,,‚Í‚¹‚ª‚í_‚ª‚­,©–¯,https://www.sangiin.go.jp/japanese/joho1/kousei/giin/profile/7010043.htm
168,’·’Jì‰p°,,‚Í‚¹‚ª‚í_‚Ğ‚Å‚Í‚é,©–¯,https://www.sangiin.go.jp/japanese/joho1/kousei/giin/profile/7022031.htm
169,”nê¬u,,‚Î‚Î_‚¹‚¢‚µ,©–¯,https://www.sangiin.go.jp/japanese/joho1/kousei/giin/profile/7013044.htm
170,‹´–{¹q,[Îè@@¹q],‚Í‚µ‚à‚Æ_‚¹‚¢‚±,©–¯,https://www.sangiin.go.jp/japanese/joho1/kousei/giin/profile/5995054.htm
171,•lŒû½,,‚Í‚Ü‚®‚¿_‚Ü‚±‚Æ,–¯å,https://www.sangiin.go.jp/japanese/joho1/kousei/giin/profile/7016032.htm
172,•l“c‘,,‚Í‚Ü‚¾_‚³‚Æ‚µ,‚m“},https://www.sangiin.go.jp/japanese/joho1/kousei/giin/profile/7019041.htm
173,•l–ìŠìj,,‚Í‚Ü‚Ì_‚æ‚µ‚Ó‚İ,–¯å,https://www.sangiin.go.jp/japanese/joho1/kousei/giin/profile/7013045.htm
174,”ä‰Ã“Ş’Ã”ü,,‚Ğ‚ª_‚È‚Â‚İ,©–¯,https://www.sangiin.go.jp/japanese/joho1/kousei/giin/profile/7021003.htm
175,•½–Ø‘åì,,‚Ğ‚ç‚«_‚¾‚¢‚³‚­,Œö–¾,https://www.sangiin.go.jp/japanese/joho1/kousei/giin/profile/7013046.htm
176,•½R²’mq,,‚Ğ‚ç‚â‚Ü_‚³‚¿‚±,–³Š‘®,https://www.sangiin.go.jp/japanese/joho1/kousei/giin/profile/7016033.htm
177,L“cˆê,,‚Ğ‚ë‚½_‚Í‚¶‚ß,–³Š‘®,https://www.sangiin.go.jp/japanese/joho1/kousei/giin/profile/7004050.htm
178,•Ÿ‰ª‘–›,,‚Ó‚­‚¨‚©_‚½‚©‚Ü‚ë,©–¯,https://www.sangiin.go.jp/japanese/joho1/kousei/giin/profile/7010045.htm
179,•Ÿ“‡‚İ‚¸‚Ù,[•Ÿ“‡@@•ä],‚Ó‚­‚µ‚Ü_‚İ‚¸‚Ù,—§Œ›,https://www.sangiin.go.jp/japanese/joho1/kousei/giin/profile/5998049.htm
180,•ŸR“N˜Y,,‚Ó‚­‚â‚Ü_‚Ä‚Â‚ë‚¤,—§Œ›,https://www.sangiin.go.jp/japanese/joho1/kousei/giin/profile/5998050.htm
181,“¡ˆäˆê”,,‚Ó‚¶‚¢_‚©‚¸‚Ğ‚ë,©–¯,https://www.sangiin.go.jp/japanese/joho1/kousei/giin/profile/7022033.htm
182,“¡ì­l,,‚Ó‚¶‚©‚í_‚Ü‚³‚Ğ‚Æ,©–¯,https://www.sangiin.go.jp/japanese/joho1/kousei/giin/profile/7010046.htm
183,“¡–ØáÁ–ç,,‚Ó‚¶‚«_‚µ‚ñ‚â,©–¯,https://www.sangiin.go.jp/japanese/joho1/kousei/giin/profile/7016034.htm
184,“¡ŠªŒ’j,,‚Ó‚¶‚Ü‚«_‚½‚¯‚µ,ˆÛ‹³,https://www.sangiin.go.jp/japanese/joho1/kousei/giin/profile/7013047.htm
185,MRN],,‚Ó‚È‚â‚Ü_‚â‚·‚¦,–¯å,https://www.sangiin.go.jp/japanese/joho1/kousei/giin/profile/7007052.htm
186,ätŒã–õ•F,,‚Ó‚È‚²_‚â‚·‚Ğ‚±,‚êV,https://www.sangiin.go.jp/japanese/joho1/kousei/giin/profile/7019033.htm
187,‘D‹´—˜À,,‚Ó‚È‚Í‚µ_‚Æ‚µ‚İ‚Â,©–¯,https://www.sangiin.go.jp/japanese/joho1/kousei/giin/profile/7022034.htm
188,ŒÃìr¡,,‚Ó‚é‚©‚í_‚Æ‚µ‚Í‚é,©–¯,https://www.sangiin.go.jp/japanese/joho1/kousei/giin/profile/7007053.htm
189,¯–k“l,,‚Ù‚µ_‚Ù‚­‚Æ,©–¯,https://www.sangiin.go.jp/japanese/joho1/kousei/giin/profile/7022035.htm
190,–xˆäŠŞ,,‚Ù‚è‚¢_‚¢‚í‚¨,©–¯,https://www.sangiin.go.jp/japanese/joho1/kousei/giin/profile/7013048.htm
191,–{“cŒ°q,,‚Ù‚ñ‚¾_‚ ‚«‚±,©–¯,https://www.sangiin.go.jp/japanese/joho1/kousei/giin/profile/7019034.htm
192,•‘—§¸¡,,‚Ü‚¢‚½‚¿_‚µ‚å‚¤‚¶,©–¯,https://www.sangiin.go.jp/japanese/joho1/kousei/giin/profile/7013049.htm
193,–q–ì‚½‚©‚¨,[–q–ì@@‹•v],‚Ü‚«‚Ì_‚½‚©‚¨,©–¯,https://www.sangiin.go.jp/japanese/joho1/kousei/giin/profile/7007054.htm
194,–qR‚Ğ‚ë‚¦,[–qR@@Oœ¨],‚Ü‚«‚â‚Ü_‚Ğ‚ë‚¦,—§Œ›,https://www.sangiin.go.jp/japanese/joho1/kousei/giin/profile/7007055.htm
195,¼ì‚é‚¢,[V‹@@‚é‚¢],‚Ü‚Â‚©‚í_‚é‚¢,©–¯,https://www.sangiin.go.jp/japanese/joho1/kousei/giin/profile/7016035.htm
196,¼‘ò¬•¶,,‚Ü‚Â‚´‚í_‚µ‚°‚Ó‚İ,ˆÛ‹³,https://www.sangiin.go.jp/japanese/joho1/kousei/giin/profile/7013050.htm
197,¼‰ºV•½,,‚Ü‚Â‚µ‚½_‚µ‚ñ‚Ø‚¢,©–¯,https://www.sangiin.go.jp/japanese/joho1/kousei/giin/profile/7004056.htm
198,¼–ì–¾”ü,[‘O“c@@–¾”ü],‚Ü‚Â‚Ì_‚ ‚¯‚İ,ˆÛ‹³,https://www.sangiin.go.jp/japanese/joho1/kousei/giin/profile/7022036.htm
199,¼‘ºËj,,‚Ü‚Â‚Ş‚ç_‚æ‚µ‚Ó‚İ,©–¯,https://www.sangiin.go.jp/japanese/joho1/kousei/giin/profile/7004057.htm
200,¼R­i,,‚Ü‚Â‚â‚Ü_‚Ü‚³‚¶,©–¯,https://www.sangiin.go.jp/japanese/joho1/kousei/giin/profile/7001046.htm
201,ŠÛìì‘ã,[‘å’Ë@@ì‘ã],‚Ü‚é‚©‚í_‚½‚Ü‚æ,©–¯,https://www.sangiin.go.jp/japanese/joho1/kousei/giin/profile/7007058.htm
202,O‰YM—S,,‚İ‚¤‚ç_‚Ì‚Ô‚Ğ‚ë,Œö–¾,https://www.sangiin.go.jp/japanese/joho1/kousei/giin/profile/7016036.htm
203,O‰Y–õ,,‚İ‚¤‚ç_‚â‚·‚µ,©–¯,https://www.sangiin.go.jp/japanese/joho1/kousei/giin/profile/7019035.htm
204,Oã‚¦‚è,[ì–x@@ŠG—¢],‚İ‚©‚İ_‚¦‚è,—§Œ›,https://www.sangiin.go.jp/japanese/joho1/kousei/giin/profile/7022037.htm
205,OŒ´‚¶‚ã‚ñq,[’†ª@@‡q],‚İ‚Í‚ç_‚¶‚ã‚ñ‚±,©–¯,https://www.sangiin.go.jp/japanese/joho1/kousei/giin/profile/7010048.htm
206,O‘îLŒá,,‚İ‚â‚¯_‚µ‚ñ‚²,©–¯,https://www.sangiin.go.jp/japanese/joho1/kousei/giin/profile/7013052.htm
207,…‰ªrˆê,,‚İ‚¸‚¨‚©_‚µ‚ã‚ñ‚¢‚¿,—§Œ›,https://www.sangiin.go.jp/japanese/joho1/kousei/giin/profile/7004058.htm
208,…–ì‘fq,,‚İ‚¸‚Ì_‚à‚Æ‚±,—§Œ›,https://www.sangiin.go.jp/japanese/joho1/kousei/giin/profile/7022038.htm
209,‹{Œû¡q,[•Ÿ“c@@¡q],‚İ‚â‚®‚¿_‚Í‚é‚±,—§Œ›,https://www.sangiin.go.jp/japanese/joho1/kousei/giin/profile/7021001.htm
210,‹{è‰ë•v,,‚İ‚â‚´‚«_‚Ü‚³‚¨,©–¯,https://www.sangiin.go.jp/japanese/joho1/kousei/giin/profile/7019036.htm
211,‹{èŸ,,‚İ‚â‚´‚«_‚Ü‚³‚é,Œö–¾,https://www.sangiin.go.jp/japanese/joho1/kousei/giin/profile/7016037.htm
212,‹{‘ò—mˆê,,‚İ‚â‚´‚í_‚æ‚¤‚¢‚¿,©–¯,https://www.sangiin.go.jp/japanese/joho1/kousei/giin/profile/7010050.htm
213,‹{–{üi,,‚İ‚â‚à‚Æ_‚µ‚ã‚¤‚¶,©–¯,https://www.sangiin.go.jp/japanese/joho1/kousei/giin/profile/7013053.htm
214,‘º“c‹q,,‚Ş‚ç‚½_‚«‚å‚¤‚±,—§Œ›,https://www.sangiin.go.jp/japanese/joho1/kousei/giin/profile/7022039.htm
215,X‚Ü‚³‚±,[OD@@‰ëq],‚à‚è_‚Ü‚³‚±,©–¯,https://www.sangiin.go.jp/japanese/joho1/kousei/giin/profile/7007061.htm
216,X–{^¡,,‚à‚è‚à‚Æ_‚µ‚ñ‚¶,—§Œ›,https://www.sangiin.go.jp/japanese/joho1/kousei/giin/profile/7013054.htm
217,X‰®—²,,‚à‚è‚â_‚½‚©‚µ,—§Œ›,https://www.sangiin.go.jp/japanese/joho1/kousei/giin/profile/7019037.htm
218,X‰®G,,‚à‚è‚â_‚Ğ‚ë‚µ,©–¯,https://www.sangiin.go.jp/japanese/joho1/kousei/giin/profile/7013055.htm
219,–î‘q•v,,‚â‚­‚ç_‚©‚Â‚¨,Œö–¾,https://www.sangiin.go.jp/japanese/joho1/kousei/giin/profile/7013056.htm
220,ˆÀ]L•v,,‚â‚·‚¦_‚Ì‚Ô‚¨,Œö–¾,https://www.sangiin.go.jp/japanese/joho1/kousei/giin/profile/7019038.htm
221,–öƒ–£—T•¶,,‚â‚È‚ª‚¹_‚Ğ‚ë‚Ó‚İ,ˆÛ‹³,https://www.sangiin.go.jp/japanese/joho1/kousei/giin/profile/7019039.htm
222,RŒû“ß’Ã’j,,‚â‚Ü‚®‚¿_‚È‚Â‚¨,Œö–¾,https://www.sangiin.go.jp/japanese/joho1/kousei/giin/profile/7001049.htm
223,Rè³º,,‚â‚Ü‚´‚«_‚Ü‚³‚ ‚«,©–¯,https://www.sangiin.go.jp/japanese/joho1/kousei/giin/profile/5992051.htm
224,R‰º—Y•½,,‚â‚Ü‚µ‚½_‚ä‚¤‚Ö‚¢,©–¯,https://www.sangiin.go.jp/japanese/joho1/kousei/giin/profile/7013060.htm
225,R‰º–F¶,,‚â‚Ü‚µ‚½_‚æ‚µ‚«,‹¤Y,https://www.sangiin.go.jp/japanese/joho1/kousei/giin/profile/5995071.htm
226,R“Y‘ñ,,‚â‚Ü‚¼‚¦_‚½‚­,‹¤Y,https://www.sangiin.go.jp/japanese/joho1/kousei/giin/profile/7016042.htm
227,R“c‘¾˜Y,,‚â‚Ü‚¾_‚½‚ë‚¤,©–¯,https://www.sangiin.go.jp/japanese/joho1/kousei/giin/profile/7012005.htm
228,R“cr’j,,‚â‚Ü‚¾_‚Æ‚µ‚¨,©–¯,https://www.sangiin.go.jp/japanese/joho1/kousei/giin/profile/7007067.htm
229,R“cG,,‚â‚Ü‚¾_‚Ğ‚ë‚µ,©–¯,https://www.sangiin.go.jp/japanese/joho1/kousei/giin/profile/7016043.htm
230,R’J‚¦‚èq,[¬ì@œ¨—¢q],‚â‚Ü‚½‚É_‚¦‚è‚±,©–¯,https://www.sangiin.go.jp/japanese/joho1/kousei/giin/profile/7004013.htm
231,R–{•c,[’r“c@@•c],‚â‚Ü‚à‚Æ_‚©‚È‚¦,Œö–¾,https://www.sangiin.go.jp/japanese/joho1/kousei/giin/profile/7001051.htm
232,R–{Œ[‰î,,‚â‚Ü‚à‚Æ_‚¯‚¢‚·‚¯,©–¯,https://www.sangiin.go.jp/japanese/joho1/kousei/giin/profile/7022040.htm
233,R–{²’mq,,‚â‚Ü‚à‚Æ_‚³‚¿‚±,©–¯,https://www.sangiin.go.jp/japanese/joho1/kousei/giin/profile/7022041.htm
234,R–{‡O,,‚â‚Ü‚à‚Æ_‚¶‚ã‚ñ‚¼‚¤,©–¯,https://www.sangiin.go.jp/japanese/joho1/kousei/giin/profile/7004062.htm
235,R–{‘¾˜Y,,‚â‚Ü‚à‚Æ_‚½‚ë‚¤,‚êV,https://www.sangiin.go.jp/japanese/joho1/kousei/giin/profile/7013062.htm
236,R–{”i,,‚â‚Ü‚à‚Æ_‚Ğ‚ë‚µ,Œö–¾,https://www.sangiin.go.jp/japanese/joho1/kousei/giin/profile/7007068.htm
237,‰¡‘ò‚“¿,,‚æ‚±‚³‚í_‚½‚©‚Ì‚è,—§Œ›,https://www.sangiin.go.jp/japanese/joho1/kousei/giin/profile/7019040.htm
238,‰¡RMˆê,,‚æ‚±‚â‚Ü_‚µ‚ñ‚¢‚¿,Œö–¾,https://www.sangiin.go.jp/japanese/joho1/kousei/giin/profile/7010052.htm
239,‹gˆäÍ,,‚æ‚µ‚¢_‚ ‚«‚ç,©–¯,https://www.sangiin.go.jp/japanese/joho1/kousei/giin/profile/7022042.htm
240,‹gì¹D,,‚æ‚µ‚©‚í_‚³‚¨‚è,—§Œ›,https://www.sangiin.go.jp/japanese/joho1/kousei/giin/profile/7007071.htm
241,‹gì‚ä‚¤‚İ,[‹gì@@—L”ü],‚æ‚µ‚©‚í_‚ä‚¤‚İ,©–¯,https://www.sangiin.go.jp/japanese/joho1/kousei/giin/profile/7013063.htm
242,˜a“c­@,,‚í‚¾_‚Ü‚³‚Ş‚Ë,©–¯,https://www.sangiin.go.jp/japanese/joho1/kousei/giin/profile/7013064.htm
243,á—Ñ—m•½,,‚í‚©‚Î‚â‚µ_‚æ‚¤‚Ö‚¢,©–¯,https://www.sangiin.go.jp/japanese/joho1/kousei/giin/profile/7022043.htm
244,á¼ŒªˆÛ,,‚í‚©‚Ü‚Â_‚©‚Ë‚µ‚°,Œö–¾,https://www.sangiin.go.jp/japanese/joho1/kousei/giin/profile/7013065.htm
245,“n•Ó–Ò”V,,‚í‚½‚È‚×_‚½‚¯‚ä‚«,©–¯,https://www.sangiin.go.jp/japanese/joho1/kousei/giin/profile/7010055.htm
